date,UNISWAP_TVL_USD
2018-11-03,34643
2018-11-04,41268
2018-11-05,40551
2018-11-06,43091
2018-11-07,153979
2018-11-08,180229
2018-11-09,175773
2018-11-10,172207
2018-11-11,187642
2018-11-12,200955
2018-11-13,202382
2018-11-14,198327
2018-11-15,197528
2018-11-16,199426
2018-11-17,203103
2018-11-18,199238
2018-11-19,201157
2018-11-20,199443
2018-11-21,170785
2018-11-22,183171
2018-11-23,185282
2018-11-24,172257
2018-11-25,157032
2018-11-26,158223
2018-11-27,170242
2018-11-28,171563
2018-11-29,201279
2018-11-30,199867
2018-12-01,191856
2018-12-02,204620
2018-12-03,205452
2018-12-04,208464
2018-12-05,219103
2018-12-06,202134
2018-12-07,190261
2018-12-08,196617
2018-12-09,261635
2018-12-10,292798
2018-12-11,293596
2018-12-12,286362
2018-12-13,298579
2018-12-14,298614
2018-12-15,281187
2018-12-16,275065
2018-12-17,301263
2018-12-18,347516
2018-12-19,379231
2018-12-20,372764
2018-12-21,416410
2018-12-22,404467
2018-12-23,432928
2018-12-24,471326
2018-12-25,499865
2018-12-26,467714
2018-12-27,465327
2018-12-28,424008
2018-12-29,454045
2018-12-30,493602
2018-12-31,489799
2019-01-01,469319
2019-01-02,482603
2019-01-03,525659
2019-01-04,523944
2019-01-05,544651
2019-01-06,593290
2019-01-07,607550
2019-01-08,597913
2019-01-09,600249
2019-01-10,634889
2019-01-11,584721
2019-01-12,565145
2019-01-13,552046
2019-01-14,576482
2019-01-15,655241
2019-01-16,589949
2019-01-17,658276
2019-01-18,651820
2019-01-19,643210
2019-01-20,714263
2019-01-21,617580
2019-01-22,710308
2019-01-23,701066
2019-01-24,684250
2019-01-25,721282
2019-01-26,724334
2019-01-27,733033
2019-01-28,724785
2019-01-29,739577
2019-01-30,647151
2019-01-31,687412
2019-02-01,704824
2019-02-02,719082
2019-02-03,748194
2019-02-04,754717
2019-02-05,763578
2019-02-06,790126
2019-02-07,848823
2019-02-08,992467
2019-02-09,1200751
2019-02-10,1297117
2019-02-11,1390796
2019-02-12,1878036
2019-02-13,1961233
2019-02-14,2252403
2019-02-15,2305721
2019-02-16,2614739
2019-02-17,2740631
2019-02-18,2852159
2019-02-19,2893561
2019-02-20,3969541
2019-02-21,2915916
2019-02-22,4983830
2019-02-23,5457302
2019-02-24,5591562
2019-02-25,5568152
2019-02-26,4265083
2019-02-27,4425735
2019-02-28,4722700
2019-03-01,4460920
2019-03-02,4982747
2019-03-03,4948067
2019-03-04,5348726
2019-03-05,5166771
2019-03-06,6020854
2019-03-07,6138189
2019-03-08,6619422
2019-03-09,6467825
2019-03-10,6405853
2019-03-11,6461742
2019-03-12,6372612
2019-03-13,6504608
2019-03-14,6422105
2019-03-15,6636496
2019-03-16,6822723
2019-03-17,7188100
2019-03-18,7171718
2019-03-19,7104751
2019-03-20,7159721
2019-03-21,7272522
2019-03-22,7188706
2019-03-23,7339480
2019-03-24,7736449
2019-03-25,7170937
2019-03-26,6987343
2019-03-27,7095366
2019-03-28,7333792
2019-03-29,7413447
2019-03-30,7657638
2019-03-31,7697191
2019-04-01,7708388
2019-04-02,7655509
2019-04-03,8751605
2019-04-04,9493932
2019-04-05,9437568
2019-04-06,9940245
2019-04-07,9830334
2019-04-08,9772686
2019-04-09,9872432
2019-04-10,9870893
2019-04-11,9765411
2019-04-12,9267336
2019-04-13,9440284
2019-04-14,9333327
2019-04-15,9728153
2019-04-16,9627804
2019-04-17,9521643
2019-04-18,9692773
2019-04-19,10083832
2019-04-20,9948724
2019-04-21,9865405
2019-04-22,9606521
2019-04-23,9736808
2019-04-24,9639807
2019-04-25,9599564
2019-04-26,9331160
2019-04-27,9160503
2019-04-28,9721584
2019-04-29,9740022
2019-04-30,9877389
2019-05-01,10291797
2019-05-02,10123874
2019-05-03,10335331
2019-05-04,10694512
2019-05-05,10586633
2019-05-06,10482674
2019-05-07,10865412
2019-05-08,10274685
2019-05-09,10157382
2019-05-10,10356368
2019-05-11,10698722
2019-05-12,11869684
2019-05-13,11476853
2019-05-14,11930116
2019-05-15,12935358
2019-05-16,13930570
2019-05-17,14196887
2019-05-18,14466027
2019-05-19,13701118
2019-05-20,14249588
2019-05-21,15389420
2019-05-22,15564256
2019-05-23,15734783
2019-05-24,16267736
2019-05-25,16419363
2019-05-26,16700761
2019-05-27,17625782
2019-05-28,17194013
2019-05-29,17183016
2019-05-30,16364077
2019-05-31,15695686
2019-06-01,17444706
2019-06-02,17568383
2019-06-03,17548784
2019-06-04,16380022
2019-06-05,15534468
2019-06-06,16095985
2019-06-07,16510093
2019-06-08,17607179
2019-06-09,17262108
2019-06-10,16620162
2019-06-11,17519597
2019-06-12,17526238
2019-06-13,18663906
2019-06-14,18154768
2019-06-15,18302293
2019-06-16,18309591
2019-06-17,17769474
2019-06-18,18014411
2019-06-19,17393056
2019-06-20,17717958
2019-06-21,17850244
2019-06-22,18959534
2019-06-23,19523606
2019-06-24,19194229
2019-06-25,19609361
2019-06-26,19930816
2019-06-27,20309146
2019-06-28,18441493
2019-06-29,19430562
2019-06-30,20054247
2019-07-01,18560450
2019-07-02,19444061
2019-07-03,19347741
2019-07-04,19828625
2019-07-05,19004998
2019-07-06,20309325
2019-07-07,20340340
2019-07-08,21458825
2019-07-09,21819087
2019-07-10,21980315
2019-07-11,21539815
2019-07-12,20360610
2019-07-13,21020529
2019-07-14,20392465
2019-07-15,17738122
2019-07-16,17654707
2019-07-17,15469231
2019-07-18,16531553
2019-07-19,16956918
2019-07-20,17127355
2019-07-21,17522134
2019-07-22,17234282
2019-07-23,16704104
2019-07-24,16778422
2019-07-25,16855931
2019-07-26,17241120
2019-07-27,17584830
2019-07-28,16715648
2019-07-29,17047808
2019-07-30,16906183
2019-07-31,17040339
2019-08-01,17936743
2019-08-02,17935558
2019-08-03,18038288
2019-08-04,18174364
2019-08-05,18228859
2019-08-06,18894089
2019-08-07,18261342
2019-08-08,18449605
2019-08-09,17467437
2019-08-10,17016826
2019-08-11,16908221
2019-08-12,17667975
2019-08-13,17231016
2019-08-14,17129375
2019-08-15,15752351
2019-08-16,16059519
2019-08-17,16338894
2019-08-18,16343308
2019-08-19,16843524
2019-08-20,17349557
2019-08-21,17001928
2019-08-22,16350695
2019-08-23,16873098
2019-08-24,17011114
2019-08-25,16977539
2019-08-26,16564009
2019-08-27,16984502
2019-08-28,16820195
2019-08-29,16016777
2019-08-30,15427606
2019-08-31,15687021
2019-09-01,15875895
2019-09-02,15923255
2019-09-03,16507366
2019-09-04,16898038
2019-09-05,16420140
2019-09-06,16588992
2019-09-07,15992205
2019-09-08,16727679
2019-09-09,16969149
2019-09-10,17009728
2019-09-11,16931088
2019-09-12,16744958
2019-09-13,17060446
2019-09-14,17089464
2019-09-15,16893746
2019-09-16,17597734
2019-09-17,17554563
2019-09-18,19269395
2019-09-19,18043262
2019-09-20,19258404
2019-09-21,19556457
2019-09-22,19598068
2019-09-23,19341978
2019-09-24,18774437
2019-09-25,16865963
2019-09-26,17578675
2019-09-27,17267963
2019-09-28,18827179
2019-09-29,18801838
2019-09-30,18509398
2019-10-01,19459281
2019-10-02,19496050
2019-10-03,19997027
2019-10-04,19674872
2019-10-05,19723699
2019-10-06,19479356
2019-10-07,18969879
2019-10-08,20051979
2019-10-09,20077511
2019-10-10,21148184
2019-10-11,21109174
2019-10-12,20640172
2019-10-13,20535006
2019-10-14,21060127
2019-10-15,20984174
2019-10-16,21252780
2019-10-17,20092677
2019-10-18,20493756
2019-10-19,20240675
2019-10-20,20545450
2019-10-21,20944236
2019-10-22,20776400
2019-10-23,20806732
2019-10-24,19522627
2019-10-25,19740158
2019-10-26,21567933
2019-10-27,21883125
2019-10-28,22446237
2019-10-29,22287582
2019-10-30,23737401
2019-10-31,23062069
2019-11-01,23000494
2019-11-02,23068329
2019-11-03,23218366
2019-11-04,23012653
2019-11-05,23624621
2019-11-06,24169656
2019-11-07,24548844
2019-11-08,25012612
2019-11-09,24876555
2019-11-10,24894676
2019-11-11,25414468
2019-11-12,25070058
2019-11-13,26367363
2019-11-14,26937981
2019-11-15,26767923
2019-11-16,17295793
2019-11-17,17483932
2019-11-18,17905641
2019-11-19,26344531
2019-11-20,25915440
2019-11-21,25948812
2019-11-22,25051168
2019-11-23,23596529
2019-11-24,24468707
2019-11-25,23028975
2019-11-26,23534190
2019-11-27,23750249
2019-11-28,24554925
2019-11-29,32528642
2019-11-30,26318944
2019-12-01,26238315
2019-12-02,25520634
2019-12-03,25859901
2019-12-04,26199995
2019-12-05,25079983
2019-12-06,25386869
2019-12-07,26032453
2019-12-08,25752807
2019-12-09,26045777
2019-12-10,25655152
2019-12-11,25307347
2019-12-12,25142584
2019-12-13,25634498
2019-12-14,25711222
2019-12-15,25290743
2019-12-16,25265916
2019-12-17,24294078
2019-12-18,22747857
2019-12-19,24234102
2019-12-20,24338093
2019-12-21,24477640
2019-12-22,24664708
2019-12-23,25549823
2019-12-24,25528522
2019-12-25,25626418
2019-12-26,25619655
2019-12-27,25932660
2019-12-28,25923085
2019-12-29,26230149
2019-12-30,27042689
2019-12-31,27367122
2020-01-01,27036432
2020-01-02,27659587
2020-01-03,26674978
2020-01-04,27773802
2020-01-05,27773534
2020-01-06,28416743
2020-01-07,30151751
2020-01-08,30536219
2020-01-09,30761805
2020-01-10,30345012
2020-01-11,31332907
2020-01-12,31412020
2020-01-13,31778124
2020-01-14,32082128
2020-01-15,36852856
2020-01-16,36900284
2020-01-17,37914222
2020-01-18,46700881
2020-01-19,47558253
2020-01-20,47065175
2020-01-21,47072327
2020-01-22,48384175
2020-01-23,48091706
2020-01-24,47387144
2020-01-25,47650227
2020-01-26,47380252
2020-01-27,49066945
2020-01-28,50325216
2020-01-29,52114660
2020-01-30,52893014
2020-01-31,55310600
2020-02-01,54561631
2020-02-02,56140675
2020-02-03,57903001
2020-02-04,59474870
2020-02-05,59226761
2020-02-06,62806196
2020-02-07,65271144
2020-02-08,67631881
2020-02-09,67744707
2020-02-10,70231462
2020-02-11,68760133
2020-02-12,72777142
2020-02-13,79809308
2020-02-14,83025810
2020-02-15,82206596
2020-02-16,77866388
2020-02-17,77445524
2020-02-18,77939044
2020-02-19,82833716
2020-02-20,63304419
2020-02-21,61630939
2020-02-22,63548385
2020-02-23,63084159
2020-02-24,64842806
2020-02-25,63266196
2020-02-26,60402798
2020-02-27,54592991
2020-02-28,56812432
2020-02-29,57653882
2020-03-01,56407262
2020-03-02,55643596
2020-03-03,55503924
2020-03-04,57715014
2020-03-05,57947473
2020-03-06,59134109
2020-03-07,62675231
2020-03-08,61291597
2020-03-09,54568117
2020-03-10,53184453
2020-03-11,53860439
2020-03-12,50884181
2020-03-13,26965638
2020-03-14,32554354
2020-03-15,28687922
2020-03-16,29349312
2020-03-17,27052909
2020-03-18,29168346
2020-03-19,29626742
2020-03-20,34353978
2020-03-21,33692860
2020-03-22,34403643
2020-03-23,32497562
2020-03-24,35618265
2020-03-25,36314345
2020-03-26,35861619
2020-03-27,37064974
2020-03-28,35458547
2020-03-29,35554628
2020-03-30,34272198
2020-03-31,36307381
2020-04-01,36688265
2020-04-02,37072141
2020-04-03,38427066
2020-04-04,38581595
2020-04-05,39263781
2020-04-06,39090721
2020-04-07,45710578
2020-04-08,45505273
2020-04-09,47272695
2020-04-10,47174199
2020-04-11,44580522
2020-04-12,44877136
2020-04-13,45374800
2020-04-14,45429233
2020-04-15,46521777
2020-04-16,45109980
2020-04-17,49351302
2020-04-18,48967407
2020-04-19,53897584
2020-04-20,51331426
2020-04-21,54553972
2020-04-22,53117584
2020-04-23,56497092
2020-04-24,55260334
2020-04-25,54561294
2020-04-26,58047861
2020-04-27,58241696
2020-04-28,58078948
2020-04-29,58975383
2020-04-30,65704213
2020-05-01,61822082
2020-05-02,63898765
2020-05-03,65499822
2020-05-04,63633749
2020-05-05,64279874
2020-05-06,61700744
2020-05-07,60980522
2020-05-08,63476311
2020-05-09,64394491
2020-05-10,65500458
2020-05-11,61637360
2020-05-12,61048397
2020-05-13,61154761
2020-05-14,64069344
2020-05-15,64544754
2020-05-16,63278344
2020-05-17,62872808
2020-05-18,63879400
2020-05-19,63631678
2020-05-20,62799720
2020-05-21,63636096
2020-05-22,59881350
2020-05-23,63237290
2020-05-24,63672661
2020-05-25,62592882
2020-05-26,63163534
2020-05-27,63230744
2020-05-28,64767046
2020-05-29,66533539
2020-05-30,67230279
2020-05-31,76220670
2020-06-01,73372953
2020-06-02,77901321
2020-06-03,73783077
2020-06-04,76085932
2020-06-05,76757229
2020-06-06,76163017
2020-06-07,76232553
2020-06-08,76629570
2020-06-09,74983199
2020-06-10,77807436
2020-06-11,78184275
2020-06-12,75186566
2020-06-13,77090658
2020-06-14,76875285
2020-06-15,74374116
2020-06-16,78277657
2020-06-17,78644731
2020-06-18,78899747
2020-06-19,80429471
2020-06-20,79594347
2020-06-21,80571327
2020-06-22,75863416
2020-06-23,80150638
2020-06-24,80232249
2020-06-25,74925959
2020-06-26,71909376
2020-06-27,70440028
2020-06-28,69521077
2020-06-29,70664898
2020-06-30,72105427
2020-07-01,71549157
2020-07-02,74526473
2020-07-03,72080495
2020-07-04,71770872
2020-07-05,72525879
2020-07-06,72903691
2020-07-07,76425233
2020-07-08,74359506
2020-07-09,79205204
2020-07-10,83592956
2020-07-11,82885319
2020-07-12,86115983
2020-07-13,88232457
2020-07-14,86627802
2020-07-15,89049405
2020-07-16,92478285
2020-07-17,96702770
2020-07-18,101045153
2020-07-19,103983282
2020-07-20,110030663
2020-07-21,110049099
2020-07-22,115474628
2020-07-23,119854968
2020-07-24,124086162
2020-07-25,132604793
2020-07-26,147687056
2020-07-27,152540638
2020-07-28,162258558
2020-07-29,160962953
2020-07-30,156623812
2020-07-31,158594918
2020-08-01,168043320
2020-08-02,187806910
2020-08-03,177228107
2020-08-04,190972151
2020-08-05,197497717
2020-08-06,205479696
2020-08-07,210303478
2020-08-08,218033731
2020-08-09,233220872
2020-08-10,240078482
2020-08-11,246323459
2020-08-12,251875466
2020-08-13,308216195
2020-08-14,292148633
2020-08-15,283654007
2020-08-16,288564678
2020-08-17,290184216
2020-08-18,289557550
2020-08-19,312003916
2020-08-20,323641836
2020-08-21,315101191
2020-08-22,286779827
2020-08-23,301847223
2020-08-24,303158184
2020-08-25,317812451
2020-08-26,304761863
2020-08-27,323104307
2020-08-28,322762931
2020-08-29,535868447
2020-08-30,650495414
2020-08-31,952260979
2020-09-01,1387110161
2020-09-02,1970084492
2020-09-03,1931960851
2020-09-04,1779465349
2020-09-05,1975709861
2020-09-06,1255949131
2020-09-07,1635535218
2020-09-08,1734261681
2020-09-09,1583259625
2020-09-10,529810001
2020-09-11,1082366294
2020-09-12,766390394
2020-09-13,714045171
2020-09-14,1065454097
2020-09-15,1130309683
2020-09-16,961943393
2020-09-17,926966084
2020-09-18,1402525305
2020-09-19,1919900821
2020-09-20,2146161095
2020-09-21,2172313316
2020-09-22,1981776009
2020-09-23,2002835342
2020-09-24,1914243904
2020-09-25,2098300493
2020-09-26,2140467014
2020-09-27,2197893417
2020-09-28,2238377688
2020-09-29,2284597985
2020-09-30,2332735343
2020-10-01,2416607249
2020-10-02,2429254525
2020-10-03,2408563503
2020-10-04,2451269957
2020-10-05,2483169555
2020-10-06,2507653565
2020-10-07,2422493939
2020-10-08,2443182818
2020-10-09,2578923853
2020-10-10,2691869975
2020-10-11,2803223500
2020-10-12,2895295545
2020-10-13,2924140779
2020-10-14,2881561172
2020-10-15,3000008992
2020-10-16,3036420892
2020-10-17,2936524394
2020-10-18,2935360806
2020-10-19,2993604412
2020-10-20,3011179267
2020-10-21,2928791695
2020-10-22,2974468578
2020-10-23,2961467703
2020-10-24,2853540026
2020-10-25,2941537194
2020-10-26,2983072078
2020-10-27,3002397407
2020-10-28,3057525170
2020-10-29,2975000969
2020-10-30,2941984807
2020-10-31,2924666497
2020-11-01,2993884067
2020-11-02,3019263836
2020-11-03,2897434559
2020-11-04,2872741684
2020-11-05,2950119010
2020-11-06,2981777547
2020-11-07,3104541139
2020-11-08,3023507629
2020-11-09,3115639596
2020-11-10,3220471338
2020-11-11,3251555265
2020-11-12,3329435760
2020-11-13,3295214748
2020-11-14,3377719290
2020-11-15,3324409778
2020-11-16,3216900192
2020-11-17,3055162533
2020-11-18,1779059837
2020-11-19,1652419037
2020-11-20,1620591410
2020-11-21,1690726910
2020-11-22,1706707970
2020-11-23,1737341573
2020-11-24,1805181194
2020-11-25,1719569322
2020-11-26,1638751876
2020-11-27,1538338051
2020-11-28,1597358966
2020-11-29,1633991930
2020-11-30,1697269263
2020-12-01,1731793193
2020-12-02,1656405681
2020-12-03,1688412850
2020-12-04,1746939217
2020-12-05,1612152725
2020-12-06,1723068048
2020-12-07,1727020020
2020-12-08,1718659489
2020-12-09,1623541124
2020-12-10,1686972352
2020-12-11,1619751311
2020-12-12,1603542343
2020-12-13,1665301890
2020-12-14,1714215274
2020-12-15,1718395756
2020-12-16,1737615937
2020-12-17,1802581287
2020-12-18,1805734171
2020-12-19,1835925414
2020-12-20,1843977431
2020-12-21,1818254814
2020-12-22,1842379731
2020-12-23,1916916984
2020-12-24,1873788162
2020-12-25,1993017745
2020-12-26,2014070117
2020-12-27,2003911467
2020-12-28,2040778796
2020-12-29,2099798099
2020-12-30,2153883009
2020-12-31,2166260763
2021-01-01,2245933891
2021-01-02,2240929592
2021-01-03,2321646569
2021-01-04,2644755178
2021-01-05,2774545936
2021-01-06,3021652636
2021-01-07,3236527904
2021-01-08,3323304209
2021-01-09,3338866619
2021-01-10,3439474619
2021-01-11,3325402717
2021-01-12,2992739886
2021-01-13,2970174791
2021-01-14,3174061839
2021-01-15,3334662844
2021-01-16,3287613918
2021-01-17,3353959728
2021-01-18,3369644102
2021-01-19,3445716283
2021-01-20,3559031396
2021-01-21,3595544496
2021-01-22,3042711165
2021-01-23,3354932672
2021-01-24,3303205558
2021-01-25,3681178101
2021-01-26,3507643414
2021-01-27,3580959672
2021-01-28,3403694807
2021-01-29,3575835608
2021-01-30,3605557452
2021-01-31,3626303421
2021-02-01,3508437831
2021-02-02,3667020763
2021-02-03,3852012069
2021-02-04,4157573372
2021-02-05,4048364996
2021-02-06,4244257024
2021-02-07,4114457582
2021-02-08,4083651132
2021-02-09,4408821941
2021-02-10,4465993665
2021-02-11,4453060211
2021-02-12,4644020058
2021-02-13,4734414020
2021-02-14,4712409288
2021-02-15,4688774749
2021-02-16,4644464892
2021-02-17,4742433974
2021-02-18,4946385168
2021-02-19,5081962541
2021-02-20,5143640494
2021-02-21,5079222749
2021-02-22,5196395522
2021-02-23,4751736108
2021-02-24,4281552943
2021-02-25,4555536926
2021-02-26,4242186069
2021-02-27,4178056260
2021-02-28,4227322047
2021-03-01,4209979518
2021-03-02,4543002024
2021-03-03,4394474482
2021-03-04,4527004209
2021-03-05,4468860990
2021-03-06,4460641399
2021-03-07,4711764317
2021-03-08,4879046823
2021-03-09,5091609488
2021-03-10,5254019809
2021-03-11,5059123047
2021-03-12,5184072933
2021-03-13,5170629211
2021-03-14,5566381002
2021-03-15,5487335931
2021-03-16,5396777407
2021-03-17,5469780624
2021-03-18,5531254896
2021-03-19,5417908111
2021-03-20,5607337113
2021-03-21,5618180548
2021-03-22,5513317020
2021-03-23,5322141133
2021-03-24,5195939109
2021-03-25,5024696316
2021-03-26,5044725999
2021-03-27,5409542293
2021-03-28,5471378505
2021-03-29,5473366510
2021-03-30,5726154488
2021-03-31,5782512613
2021-04-01,5911629952
2021-04-02,5998214088
2021-04-03,6324059445
2021-04-04,8465006032
2021-04-05,8810612755
2021-04-06,8786633375
2021-04-07,8778170128
2021-04-08,7820590919
2021-04-09,8277414039
2021-04-10,8236547699
2021-04-11,8475445429
2021-04-12,8466698443
2021-04-13,8450959796
2021-04-14,8821134790
2021-04-15,9045898504
2021-04-16,9284336166
2021-04-17,9037120181
2021-04-18,8783673639
2021-04-19,8422400277
2021-04-20,8254033415
2021-04-21,8868584519
2021-04-22,8964460212
2021-04-23,9000759944
2021-04-24,8980529828
2021-04-25,8544298973
2021-04-26,8908671744
2021-04-27,9534621475
2021-04-28,9754404638
2021-04-29,10013094620
2021-04-30,8370824971
2021-05-01,8451882680
2021-05-02,8664590699
2021-05-03,8596789090
2021-05-04,9392185139
2021-05-05,9024403275
2021-05-06,9481490721
2021-05-07,9289122040
2021-05-08,9273075961
2021-05-09,9911717785
2021-05-10,9892409872
2021-05-11,9767588045
2021-05-12,10240438297
2021-05-13,9341277013
2021-05-14,9253060845
2021-05-15,10106659034
2021-05-16,9206625672
2021-05-17,9106013471
2021-05-18,8463957804
2021-05-19,8659522796
2021-05-20,6567601781
2021-05-21,7338676358
2021-05-22,6585963939
2021-05-23,6232803046
2021-05-24,5744753504
2021-05-25,6945975866
2021-05-26,7262825557
2021-05-27,7625779715
2021-05-28,7331574880
2021-05-29,6888136308
2021-05-30,6612691795
2021-05-31,6855373579
2021-06-01,7455151691
2021-06-02,7255029769
2021-06-03,7390168869
2021-06-04,7651384796
2021-06-05,7288447665
2021-06-06,7160372740
2021-06-07,7306233928
2021-06-08,6871423010
2021-06-09,6792623209
2021-06-10,6995526154
2021-06-11,6711609495
2021-06-12,6421932246
2021-06-13,6422644755
2021-06-14,6727907017
2021-06-15,6843663064
2021-06-16,6792195238
2021-06-17,6442774014
2021-06-18,6542785677
2021-06-19,6237281031
2021-06-20,6128757249
2021-06-21,6262811060
2021-06-22,5347106523
2021-06-23,5406384532
2021-06-24,5641248253
2021-06-25,5810176937
2021-06-26,5424493767
2021-06-27,5420240080
2021-06-28,5718165945
2021-06-29,5853340264
2021-06-30,6011769446
2021-07-01,6201591159
2021-07-02,5929363552
2021-07-03,6008501219
2021-07-04,6067744257
2021-07-05,6166622344
2021-07-06,6011355224
2021-07-07,6193949558
2021-07-08,6128233381
2021-07-09,5793591621
2021-07-10,5880861470
2021-07-11,5804909508
2021-07-12,5845550241
2021-07-13,5615751418
2021-07-14,5415290111
2021-07-15,5478409168
2021-07-16,5358121052
2021-07-17,5281615689
2021-07-18,5304704165
2021-07-19,5297304957
2021-07-20,5117731463
2021-07-21,5040752681
2021-07-22,5437565524
2021-07-23,5523737729
2021-07-24,5727065112
2021-07-25,5672852561
2021-07-26,5706719072
2021-07-27,5769063866
2021-07-28,5924559244
2021-07-29,5943935394
2021-07-30,6131641494
2021-07-31,6285263050
2021-08-01,6331734204
2021-08-02,6266690639
2021-08-03,6397641095
2021-08-04,6197443098
2021-08-05,6490600068
2021-08-06,6636305921
2021-08-07,6797639251
2021-08-08,7184593785
2021-08-09,6953674225
2021-08-10,7081551222
2021-08-11,7077723854
2021-08-12,7139617383
2021-08-13,6951238979
2021-08-14,7377769177
2021-08-15,7471604463
2021-08-16,7467726663
2021-08-17,7210922378
2021-08-18,6993208404
2021-08-19,7064590208
2021-08-20,7172865285
2021-08-21,7289007489
2021-08-22,7252016376
2021-08-23,7337955625
2021-08-24,7454674304
2021-08-25,7270973581
2021-08-26,7378740493
2021-08-27,7188004792
2021-08-28,7516912711
2021-08-29,7471240389
2021-08-30,7494385463
2021-08-31,7405565359
2021-09-01,7673667826
2021-09-02,7979090277
2021-09-03,7854641462
2021-09-04,7947297058
2021-09-05,7913680283
2021-09-06,8033714410
2021-09-07,7954324563
2021-09-08,7012140263
2021-09-09,7070202461
2021-09-10,7020398795
2021-09-11,6698235732
2021-09-12,6817781064
2021-09-13,7073618049
2021-09-14,6857536832
2021-09-15,7123162131
2021-09-16,7393674076
2021-09-17,7348472697
2021-09-18,7175547749
2021-09-19,7252574256
2021-09-20,7139915229
2021-09-21,6507259442
2021-09-22,6170312913
2021-09-23,6717620183
2021-09-24,6883589227
2021-09-25,6545866940
2021-09-26,6577330975
2021-09-27,6762910492
2021-09-28,6564255522
2021-09-29,6360946577
2021-09-30,6491019170
2021-10-01,6713972166
2021-10-02,7161543447
2021-10-03,7291533965
2021-10-04,7287895380
2021-10-05,7223779504
2021-10-06,7410456919
2021-10-07,7485323260
2021-10-08,7520032987
2021-10-09,7517033592
2021-10-10,7512137361
2021-10-11,7280394305
2021-10-12,7401237434
2021-10-13,7352299126
2021-10-14,7544163813
2021-10-15,7731522664
2021-10-16,7848502204
2021-10-17,7840945378
2021-10-18,7910928623
2021-10-19,7763808770
2021-10-20,7976971776
2021-10-21,8321242879
2021-10-22,8142107718
2021-10-23,8044946314
2021-10-24,8302334759
2021-10-25,8200708500
2021-10-26,8429075442
2021-10-27,8325756960
2021-10-28,8084547416
2021-10-29,8595263780
2021-10-30,8892659634
2021-10-31,8812269785
2021-11-01,8829297998
2021-11-02,8913978524
2021-11-03,9262985545
2021-11-04,9326285671
2021-11-05,9152349063
2021-11-06,9131419015
2021-11-07,9296258956
2021-11-08,9570460496
2021-11-09,9900273257
2021-11-10,9788226051
2021-11-11,9781250323
2021-11-12,10013176114
2021-11-13,10073899699
2021-11-14,10079075163
2021-11-15,10113750935
2021-11-16,9969369663
2021-11-17,9442090086
2021-11-18,9656851224
2021-11-19,9039930108
2021-11-20,9647431428
2021-11-21,9863265060
2021-11-22,9609457751
2021-11-23,9325646365
2021-11-24,9705019906
2021-11-25,9605517384
2021-11-26,10000223220
2021-11-27,9110466531
2021-11-28,9312325174
2021-11-29,9545784810
2021-11-30,9927063306
2021-12-01,10059210912
2021-12-02,9973033926
2021-12-03,9915264402
2021-12-04,9545773018
2021-12-05,9293384613
2021-12-06,9287254086
2021-12-07,9558884199
2021-12-08,9523459447
2021-12-09,9722808748
2021-12-10,8989697027
2021-12-11,8657437272
2021-12-12,8943078081
2021-12-13,9026350561
2021-12-14,8391900242
2021-12-15,8410111846
2021-12-16,8678547001
2021-12-17,8604577480
2021-12-18,8447646719
2021-12-19,8615627220
2021-12-20,8564888471
2021-12-21,8640799691
2021-12-22,8843789899
2021-12-23,8823828760
2021-12-24,9030388311
2021-12-25,8973577467
2021-12-26,9081427190
2021-12-27,9075724871
2021-12-28,9043397492
2021-12-29,8567760703
2021-12-30,8307624858
2021-12-31,8399903436
2022-01-01,8367172698
2022-01-02,8575510725
2022-01-03,8733335306
2022-01-04,9003343376
2022-01-05,8780290434
2022-01-06,8343232676
2022-01-07,8242298787
2022-01-08,7736360122
2022-01-09,7580753658
2022-01-10,7971662361
2022-01-11,7623718241
2022-01-12,7953314655
2022-01-13,8057652344
2022-01-14,7770415906
2022-01-15,7943394392
2022-01-16,8009250217
2022-01-17,8108964728
2022-01-18,7848538570
2022-01-19,7934683777
2022-01-20,7805586291
2022-01-21,7621652194
2022-01-22,6651283372
2022-01-23,6275856915
2022-01-24,6478192489
2022-01-25,6113269482
2022-01-26,6285609710
2022-01-27,6255039813
2022-01-28,6198395061
2022-01-29,6465893344
2022-01-30,6586485285
2022-01-31,6554040617
2022-02-01,6699853232
2022-02-02,6895047053
2022-02-03,6730963570
2022-02-04,6804263275
2022-02-05,7192231179
2022-02-06,7400946162
2022-02-07,7538743135
2022-02-08,7643994668
2022-02-09,7615730090
2022-02-10,7834690906
2022-02-11,7547052311
2022-02-12,7212945052
2022-02-13,7233427263
2022-02-14,7239680077
2022-02-15,7309673688
2022-02-16,7700853616
2022-02-17,7726605722
2022-02-18,7352063884
2022-02-19,7181681022
2022-02-20,7029656769
2022-02-21,6808237338
2022-02-22,6656982336
2022-02-23,6740913190
2022-02-24,6659410683
2022-02-25,6615667555
2022-02-26,6894382171
2022-02-27,6908531912
2022-02-28,6705808813
2022-03-01,7185693331
2022-03-02,7385118041
2022-03-03,7386788128
2022-03-04,7218740675
2022-03-05,6836725504
2022-03-06,6955545552
2022-03-07,6731536470
2022-03-08,6626844547
2022-03-09,6716217802
2022-03-10,6940795557
2022-03-11,6790080728
2022-03-12,6721823200
2022-03-13,6751946840
2022-03-14,6629038568
2022-03-15,6736471996
2022-03-16,6770323471
2022-03-17,7569397638
2022-03-18,7056947418
2022-03-19,7234852573
2022-03-20,7294828154
2022-03-21,7161819020
2022-03-22,7202182909
2022-03-23,7366292361
2022-03-24,7373787636
2022-03-25,7337305114
2022-03-26,7298458874
2022-03-27,7373192773
2022-03-28,7601943334
2022-03-29,7603250422
2022-03-30,7748785179
2022-03-31,7805567193
2022-04-01,7638674802
2022-04-02,7898430157
2022-04-03,7911404362
2022-04-04,8042333837
2022-04-05,8057814480
2022-04-06,7939436922
2022-04-07,7633126537
2022-04-08,7783577873
2022-04-09,7646106144
2022-04-10,7773161287
2022-04-11,7683614069
2022-04-12,7211679792
2022-04-13,7313472923
2022-04-14,7437424655
2022-04-15,7297972373
2022-04-16,7323110572
2022-04-17,7389090383
2022-04-18,7199679391
2022-04-19,7328871569
2022-04-20,7402222668
2022-04-21,7373351665
2022-04-22,7120297341
2022-04-23,7079532280
2022-04-24,7051063380
2022-04-25,7019441607
2022-04-26,7166239627
2022-04-27,6848195829
2022-04-28,6990092520
2022-04-29,7027490775
2022-04-30,6826955441
2022-05-01,6637379913
2022-05-02,6790724560
2022-05-03,6829294645
2022-05-04,6740599482
2022-05-05,7028778968
2022-05-06,6731232598
2022-05-07,6702682768
2022-05-08,6645682181
2022-05-09,6446556340
2022-05-10,5763115296
2022-05-11,5895817601
2022-05-12,5192032082
2022-05-13,5285249116
2022-05-14,5497509033
2022-05-15,5622363903
2022-05-16,5737913106
2022-05-17,5584448109
2022-05-18,5741758889
2022-05-19,5444001735
2022-05-20,5664240994
2022-05-21,5740733930
2022-05-22,5774853180
2022-05-23,5901300692
2022-05-24,5772396197
2022-05-25,5802810755
2022-05-26,5745062847
2022-05-27,5524831333
2022-05-28,5393060452
2022-05-29,5556433998
2022-05-30,5580383191
2022-05-31,5844129687
2022-06-01,5816784905
2022-06-02,5588841457
2022-06-03,5678044374
2022-06-04,5599352256
2022-06-05,5204443388
2022-06-06,5225689143
2022-06-07,5392936308
2022-06-08,5398014234
2022-06-09,5449013676
2022-06-10,5454215607
2022-06-11,5264902835
2022-06-12,4953401067
2022-06-13,4738752402
2022-06-14,4339574948
2022-06-15,4302855467
2022-06-16,4337898380
2022-06-17,4196723236
2022-06-18,4304627933
2022-06-19,4078301157
2022-06-20,4237395034
2022-06-21,4309694679
2022-06-22,4319556667
2022-06-23,4221988693
2022-06-24,4433143384
2022-06-25,4589774922
2022-06-26,4620570016
2022-06-27,4555747823
2022-06-28,4517152418
2022-06-29,4441954074
2022-06-30,4342804400
2022-07-01,4271944324
2022-07-02,4360113555
2022-07-03,4353178227
2022-07-04,4399533586
2022-07-05,4486140555
2022-07-06,4449691352
2022-07-07,4534812889
2022-07-08,4591656414
2022-07-09,4560361971
2022-07-10,4627907996
2022-07-11,4411900485
2022-07-12,4264600584
2022-07-13,4193398275
2022-07-14,4261177787
2022-07-15,4408045982
2022-07-16,4464552068
2022-07-17,4653099630
2022-07-18,4770872306
2022-07-19,5209591346
2022-07-20,5141811389
2022-07-21,5055241868
2022-07-22,5082407530
2022-07-23,5212215116
2022-07-24,5303490727
2022-07-25,5982009935
2022-07-26,5176423974
2022-07-27,5307293270
2022-07-28,5558242591
2022-07-29,5662900241
2022-07-30,5697817699
2022-07-31,5683692717
2022-08-01,5646072454
2022-08-02,5600912277
2022-08-03,5473919999
2022-08-04,5487385929
2022-08-05,6156072643
2022-08-06,5735423541
2022-08-07,5690530169
2022-08-08,6356446725
2022-08-09,5678024060
2022-08-10,5573504275
2022-08-11,5812194184
2022-08-12,5840244736
2022-08-13,5705216598
2022-08-14,5635337639
2022-08-15,5508768687
2022-08-16,5488833775
2022-08-17,5454319494
2022-08-18,5387178270
2022-08-19,5368753093
2022-08-20,5034983551
2022-08-21,4922479948
2022-08-22,5023078499
2022-08-23,4948138360
2022-08-24,4946291332
2022-08-25,4963418049
2022-08-26,5035874741
2022-08-27,4799318514
2022-08-28,4732242943
2022-08-29,4634566654
2022-08-30,4902440280
2022-08-31,4855903745
2022-09-01,4741151761
2022-09-02,4909151631
2022-09-03,4893624844
2022-09-04,4882708008
2022-09-05,4816578534
2022-09-06,4785551630
2022-09-07,4633647863
2022-09-08,4653115293
2022-09-09,4673757369
2022-09-10,4769481903
2022-09-11,4862536870
2022-09-12,4754040142
2022-09-13,4656894515
2022-09-14,4495144842
2022-09-15,4357669654
2022-09-16,4272975537
2022-09-17,4279882824
2022-09-18,4398279014
2022-09-19,4237326395
2022-09-20,4333072719
2022-09-21,4246866910
2022-09-22,4127811833
2022-09-23,4368190150
2022-09-24,4365832395
2022-09-25,4360666861
2022-09-26,4321624325
2022-09-27,4427339829
2022-09-28,4411079320
2022-09-29,4435618635
2022-09-30,4447047442
2022-10-01,4444171749
2022-10-02,4413387114
2022-10-03,4335257509
2022-10-04,4386971068
2022-10-05,4452703119
2022-10-06,4437351199
2022-10-07,4398463218
2022-10-08,4389777118
2022-10-09,4366401205
2022-10-10,4405357783
2022-10-11,4329011446
2022-10-12,4342254188
2022-10-13,4323778960
2022-10-14,3942493069
2022-10-15,3956688755
2022-10-16,3964570495
2022-10-17,4024126151
2022-10-18,4051988590
2022-10-19,4087986959
2022-10-20,3884466336
2022-10-21,3875918979
2022-10-22,3959855213
2022-10-23,3979945406
2022-10-24,4040641123
2022-10-25,4022504373
2022-10-26,4146610629
2022-10-27,4284026991
2022-10-28,4192331525
2022-10-29,4167742050
2022-10-30,4206175172
2022-10-31,4245839301
2022-11-01,4217459891
2022-11-02,4246736761
2022-11-03,4137375861
2022-11-04,4166617099
2022-11-05,4371800034
2022-11-06,4380485031
2022-11-07,4403382469
2022-11-08,4453856468
2022-11-09,4032150245
2022-11-10,3671736343
2022-11-11,3910731848
2022-11-12,3853265925
2022-11-13,3808143112
2022-11-14,3734387421
2022-11-15,3800496893
2022-11-16,3827376123
2022-11-17,3797740286
2022-11-18,3770860170
2022-11-19,3778219691
2022-11-20,3787628318
2022-11-21,3683861571
2022-11-22,3643989199
2022-11-23,3724151604
2022-11-24,3517835892
2022-11-25,3533979909
2022-11-26,3536755228
2022-11-27,3526039411
2022-11-28,3429909401
2022-11-29,3412849574
2022-11-30,3565852415
2022-12-01,3483035376
2022-12-02,3491869896
2022-12-03,3496032280
2022-12-04,3450540300
2022-12-05,3508901535
2022-12-06,3482131342
2022-12-07,3505613926
2022-12-08,3457971711
2022-12-09,3540169455
2022-12-10,3530595683
2022-12-11,3524713628
2022-12-12,3501672833
2022-12-13,3521758763
2022-12-14,3586258923
2022-12-15,3567331476
2022-12-16,3494206344
2022-12-17,3334314708
2022-12-18,3324294187
2022-12-19,3337397027
2022-12-20,3291900751
2022-12-21,3351111617
2022-12-22,3398873598
2022-12-23,3366069978
2022-12-24,3372592042
2022-12-25,3371231152
2022-12-26,3361685562
2022-12-27,3367994797
2022-12-28,3336142111
2022-12-29,3306760141
2022-12-30,3314978527
2022-12-31,3306274915
2023-01-01,3265140607
2023-01-02,3281285946
2023-01-03,3299441805
2023-01-04,3328335797
2023-01-05,3372590296
2023-01-06,3378365248
2023-01-07,3397074154
2023-01-08,3391357271
2023-01-09,3433553904
2023-01-10,3436546067
2023-01-11,3443764524
2023-01-12,3526912002
2023-01-13,3537140589
2023-01-14,3724549865
2023-01-15,3579377582
2023-01-16,3615926368
2023-01-17,3629705205
2023-01-18,3664226246
2023-01-19,3587385373
2023-01-20,3738867430
2023-01-21,3882788639
2023-01-22,3866644850
2023-01-23,3797422582
2023-01-24,3797434355
2023-01-25,3739161303
2023-01-26,3831163575
2023-01-27,3815241173
2023-01-28,3835670639
2023-01-29,3817542275
2023-01-30,3905539514
2023-01-31,3799362674
2023-02-01,3827653875
2023-02-02,3970690375
2023-02-03,3935783453
2023-02-04,3996002671
2023-02-05,4002613586
2023-02-06,3971074604
2023-02-07,3959753064
2023-02-08,4070124078
2023-02-09,4024207884
2023-02-10,3914243866
2023-02-11,3893070317
2023-02-12,3922324621
2023-02-13,3894614913
2023-02-14,3861197735
2023-02-15,3926125502
2023-02-16,4123862278
2023-02-17,4069279722
2023-02-18,4157442469
2023-02-19,4187161222
2023-02-20,4158408303
2023-02-21,4211607226
2023-02-22,4132572485
2023-02-23,4120505239
2023-02-24,4115110650
2023-02-25,4059655519
2023-02-26,4046730320
2023-02-27,4120892162
2023-02-28,4107601583
2023-03-01,4089844111
2023-03-02,4195191837
2023-03-03,4154833146
2023-03-04,3945731424
2023-03-05,3936960647
2023-03-06,3950733977
2023-03-07,3944658457
2023-03-08,3942757418
2023-03-09,3848565621
2023-03-10,3655795341
2023-03-11,3541782584
2023-03-12,3321665171
2023-03-13,3559649697
2023-03-14,3601820575
2023-03-15,3630498171
2023-03-16,3538534825
2023-03-17,3578424800
2023-03-18,3789519532
2023-03-19,3771020626
2023-03-20,3757247487
2023-03-21,3747586182
2023-03-22,3810720144
2023-03-23,3872687451
2023-03-24,3912636724
2023-03-25,3803241818
2023-03-26,3797177877
2023-03-27,3822960883
2023-03-28,3751667756
2023-03-29,3846124825
2023-03-30,3963126161
2023-03-31,3912243286
2023-04-01,3937946255
2023-04-02,3935877411
2023-04-03,3897345334
2023-04-04,3964388620
2023-04-05,4050971006
2023-04-06,3993168266
2023-04-07,3979339863
2023-04-08,4016498723
2023-04-09,4020089430
2023-04-10,4003311863
2023-04-11,4080503956
2023-04-12,4031462566
2023-04-13,4159592722
2023-04-14,4406088472
2023-04-15,4389760026
2023-04-16,4382296242
2023-04-17,4346828163
2023-04-18,4355214896
2023-04-19,4416070963
2023-04-20,4183670883
2023-04-21,4202826250
2023-04-22,4065332373
2023-04-23,4081587134
2023-04-24,4084983705
2023-04-25,4014021976
2023-04-26,4081894725
2023-04-27,4163354211
2023-04-28,4115182506
2023-04-29,4116313807
2023-04-30,4130660431
2023-05-01,4092864128
2023-05-02,4010910159
2023-05-03,4085145531
2023-05-04,4150864599
2023-05-05,4119602597
2023-05-06,4293343677
2023-05-07,4159884270
2023-05-08,4132906175
2023-05-09,4037706636
2023-05-10,4059315314
2023-05-11,4024001932
2023-05-12,4006584162
2023-05-13,4023578523
2023-05-14,4021071887
2023-05-15,4027957407
2023-05-16,4088424548
2023-05-17,4109970329
2023-05-18,4118658652
2023-05-19,4089411366
2023-05-20,4088041150
2023-05-21,4114959580
2023-05-22,4075664527
2023-05-23,4107082036
2023-05-24,4204221218
2023-05-25,4082659899
2023-05-26,4110680230
2023-05-27,4131771125
2023-05-28,4144905784
2023-05-29,4258016422
2023-05-30,4193259373
2023-05-31,4198566269
2023-06-01,4142842456
2023-06-02,4135186999
2023-06-03,4187430587
2023-06-04,4188216550
2023-06-05,4185224334
2023-06-06,4012176131
2023-06-07,4137048445
2023-06-08,4032810162
2023-06-09,4054510463
2023-06-10,4057540173
2023-06-11,3841927551
2023-06-12,3841513110
2023-06-13,3811463833
2023-06-14,3818491716
2023-06-15,3644072436
2023-06-16,3653316110
2023-06-17,3736633314
2023-06-18,3790728439
2023-06-19,3781843101
2023-06-20,3810474867
2023-06-21,3911518442
2023-06-22,4071642144
2023-06-23,4026432927
2023-06-24,4024430221
2023-06-25,3986913424
2023-06-26,4012875086
2023-06-27,3963786490
2023-06-28,3975299615
2023-06-29,3907798966
2023-06-30,3945989937
2023-07-01,4057052916
2023-07-02,4056497872
2023-07-03,4078820369
2023-07-04,4111560441
2023-07-05,4080497986
2023-07-06,4050420015
2023-07-07,3961197465
2023-07-08,4015239047
2023-07-09,4005899806
2023-07-10,4004894266
2023-07-11,4026106572
2023-07-12,4030040034
2023-07-13,4030979529
2023-07-14,3932717645
2023-07-15,3831622538
2023-07-16,3844996135
2023-07-17,3847513382
2023-07-18,3843279642
2023-07-19,3824943066
2023-07-20,3817726613
2023-07-21,3818998046
2023-07-22,3835809809
2023-07-23,3799845881
2023-07-24,3843490851
2023-07-25,3779588011
2023-07-26,3766185237
2023-07-27,3798090514
2023-07-28,3812371634
2023-07-29,3821625489
2023-07-30,3825941673
2023-07-31,3796091689
2023-08-01,3745722761
2023-08-02,3773107317
2023-08-03,3727695610
2023-08-04,3697663665
2023-08-05,3649840491
2023-08-06,3661586167
2023-08-07,3653702691
2023-08-08,3664606764
2023-08-09,3718167872
2023-08-10,3714955771
2023-08-11,3708687530
2023-08-12,3713842360
2023-08-13,3734437084
2023-08-14,3718623052
2023-08-15,3729610900
2023-08-16,3701415052
2023-08-17,3603956099
2023-08-18,3397404233
2023-08-19,3338251565
2023-08-20,3346252284
2023-08-21,3353208209
2023-08-22,3348273266
2023-08-23,3336862369
2023-08-24,3438396718
2023-08-25,3393346173
2023-08-26,3381887955
2023-08-27,3384347063
2023-08-28,3342366245
2023-08-29,3341532608
2023-08-30,3424051089
2023-08-31,3399259433
2023-09-01,3294537712
2023-09-02,3263246362
2023-09-03,3275099419
2023-09-04,3280207686
2023-09-05,3271034625
2023-09-06,3278672983
2023-09-07,3297357874
2023-09-08,3330133640
2023-09-09,3292031524
2023-09-10,3279358883
2023-09-11,3252486582
2023-09-12,3125989595
2023-09-13,3189751333
2023-09-14,3237798087
2023-09-15,3265661741
2023-09-16,3297545028
2023-09-17,3290534992
2023-09-18,3248892445
2023-09-19,3239133791
2023-09-20,3254466647
2023-09-21,3228643502
2023-09-22,3167907222
2023-09-23,3187240924
2023-09-24,3183074770
2023-09-25,3143072546
2023-09-26,3163220744
2023-09-27,3166267257
2023-09-28,3164460650
2023-09-29,3209069656
2023-09-30,3213325498
2023-10-01,3208041366
2023-10-02,3281049395
2023-10-03,3220923270
2023-10-04,3168827558
2023-10-05,3177889554
2023-10-06,3128076251
2023-10-07,3183615392
2023-10-08,3166445175
2023-10-09,3095161180
2023-10-10,3060141671
2023-10-11,3042706983
2023-10-12,3028849270
2023-10-13,2993932166
2023-10-14,3014216421
2023-10-15,3026012058
2023-10-16,3021386262
2023-10-17,3072264576
2023-10-18,3024008380
2023-10-19,3014230317
2023-10-20,3020532277
2023-10-21,3056596484
2023-10-22,3121406922
2023-10-23,3191392824
2023-10-24,3332256125
2023-10-25,3319234376
2023-10-26,3332396673
2023-10-27,3341243676
2023-10-28,3328218814
2023-10-29,3325987338
2023-10-30,3352848614
2023-10-31,3416052972
2023-11-01,3331561717
2023-11-02,3378539554
2023-11-03,3284719078
2023-11-04,3371874489
2023-11-05,3408363488
2023-11-06,3409140789
2023-11-07,3406061940
2023-11-08,3428411393
2023-11-09,3454697326
2023-11-10,3665764945
2023-11-11,3650754562
2023-11-12,3614282309
2023-11-13,3632739718
2023-11-14,3603354998
2023-11-15,3562563233
2023-11-16,3689660543
2023-11-17,3582615844
2023-11-18,3553046640
2023-11-19,3546640500
2023-11-20,3657152372
2023-11-21,3667310408
2023-11-22,3493732050
2023-11-23,3750438349
2023-11-24,3743423229
2023-11-25,3737769243
2023-11-26,3738857990
2023-11-27,3745543256
2023-11-28,3701851743
2023-11-29,3712621849
2023-11-30,3699064977
2023-12-01,3765056357
2023-12-02,3819576045
2023-12-03,3910857371
2023-12-04,3902805167
2023-12-05,3935311121
2023-12-06,4001207713
2023-12-07,3920983181
2023-12-08,4061871335
2023-12-09,4135038205
2023-12-10,4104321935
2023-12-11,4031679196
2023-12-12,4050890882
2023-12-13,4031226039
2023-12-14,4081322605
2023-12-15,4080564329
2023-12-16,4070994058
2023-12-17,4061651774
2023-12-18,3990259861
2023-12-19,4048058557
2023-12-20,4022410164
2023-12-21,4262014990
2023-12-22,4054821630
2023-12-23,4081856116
2023-12-24,4084990750
2023-12-25,4088762214
2023-12-26,3613721699
2023-12-27,3609431685
2023-12-28,3792380895
2023-12-29,3738925559
2023-12-30,3711771741
2023-12-31,3726205092
2024-01-01,3712660765
2024-01-02,3832802257
2024-01-03,3825481818
2024-01-04,3658153416
2024-01-05,3727835526
2024-01-06,3703819804
2024-01-07,3701512382
2024-01-08,4064144132
2024-01-09,4148107796
2024-01-10,4241100622
2024-01-11,4429896112
2024-01-12,4448909441
2024-01-13,4334564638
2024-01-14,4419600830
2024-01-15,4363421133
2024-01-16,4387176308
2024-01-17,4468851130
2024-01-18,4393439725
2024-01-19,4291940012
2024-01-20,4339333041
2024-01-21,4327815059
2024-01-22,4336745101
2024-01-23,4150345948
2024-01-24,4063329531
2024-01-25,4077040102
2024-01-26,4064324321
2024-01-27,4154549029
2024-01-28,4093631754
2024-01-29,4089610731
2024-01-30,4163772304
2024-01-31,4186994056
2024-02-01,4065308869
2024-02-02,4131088907
2024-02-03,4128534546
2024-02-04,4108465256
2024-02-05,4100253007
2024-02-06,4149197721
2024-02-07,4251068659
2024-02-08,4320546722
2024-02-09,4322246652
2024-02-10,4402768087
2024-02-11,4424464256
2024-02-12,4433893126
2024-02-13,4630639609
2024-02-14,4538551540
2024-02-15,4740963033
2024-02-16,4733805318
2024-02-17,4698472081
2024-02-18,4691515625
2024-02-19,4835532104
2024-02-20,4883513472
2024-02-21,4998085809
2024-02-22,4936387994
2024-02-23,4994319902
2024-02-24,4937596481
2024-02-25,5019300036
2024-02-26,5157804920
2024-02-27,5190790839
2024-02-28,5206494929
2024-02-29,5368375864
2024-03-01,5276228500
2024-03-02,5534038568
2024-03-03,5587136195
2024-03-04,5708023859
2024-03-05,5831580776
2024-03-06,5667325389
2024-03-07,5898065684
2024-03-08,5941402651
2024-03-09,5974809975
2024-03-10,6052172036
2024-03-11,6005144368
2024-03-12,6262042348
2024-03-13,6142000824
2024-03-14,6193736625
2024-03-15,6107198402
2024-03-16,5880764006
2024-03-17,5573709279
2024-03-18,5732130204
2024-03-19,5569406308
2024-03-20,5242246566
2024-03-21,5767534429
2024-03-22,5734821735
2024-03-23,5632336813
2024-03-24,5635946969
2024-03-25,5894217640
2024-03-26,6055996983
2024-03-27,6069146040
2024-03-28,6000358297
2024-03-29,6054802880
2024-03-30,6008176213
2024-03-31,6087815913
2024-04-01,6114447680
2024-04-02,5926196048
2024-04-03,5818343956
2024-04-04,5879234452
2024-04-05,5900141937
2024-04-06,5878261234
2024-04-07,5925210902
2024-04-08,6057735239
2024-04-09,6458140107
2024-04-10,6185383212
2024-04-11,6234487507
2024-04-12,7073986451
2024-04-13,5646380494
2024-04-14,5139713056
2024-04-15,5649999849
2024-04-16,5510045967
2024-04-17,5483680448
2024-04-18,5403564202
2024-04-19,5487627757
2024-04-20,5546822868
2024-04-21,5709941005
2024-04-22,5709862621
2024-04-23,5783611656
2024-04-24,5767014140
2024-04-25,5624204177
2024-04-26,5683538606
2024-04-27,5599852374
2024-04-28,5708360482
2024-04-29,5805049759
2024-04-30,5630283169
2024-05-01,5370070588
2024-05-02,5260844573
2024-05-03,5340920146
2024-05-04,5575350295
2024-05-05,5596402568
2024-05-06,5597040596
2024-05-07,5548395964
2024-05-08,5510558484
2024-05-09,5370022507
2024-05-10,5469684772
2024-05-11,5383118073
2024-05-12,5408295670
2024-05-13,5404734059
2024-05-14,5398665824
2024-05-15,5272550879
2024-05-16,5491395620
2024-05-17,5365980520
2024-05-18,5608719705
2024-05-19,5638638800
2024-05-20,5551878594
2024-05-21,6259337587
2024-05-22,6323248999
2024-05-23,6288345730
2024-05-24,6353268217
2024-05-25,6285289950
2024-05-26,6303595000
2024-05-27,6285744293
2024-05-28,6389356208
2024-05-29,6324097877
2024-05-30,6249443799
2024-05-31,6203646899
2024-06-01,6128728499
2024-06-02,6136608694
2024-06-03,6105911243
2024-06-04,6122013859
2024-06-05,6200842339
2024-06-06,6237117425
2024-06-07,6198817718
2024-06-08,6021214679
2024-06-09,5976269350
2024-06-10,6122742250
2024-06-11,5994273625
2024-06-12,5822656038
2024-06-13,5932640791
2024-06-14,5856761119
2024-06-15,5822613225
2024-06-16,5868626303
2024-06-17,5938374132
2024-06-18,5743580739
2024-06-19,5609568561
2024-06-20,5763087282
2024-06-21,5743543742
2024-06-22,5663235660
2024-06-23,5667613898
2024-06-24,5613596329
2024-06-25,5604934603
2024-06-26,5694223326
2024-06-27,5606778128
2024-06-28,5699229789
2024-06-29,5610091404
2024-06-30,5608474767
2024-07-01,5701629401
2024-07-02,5738810110
2024-07-03,5666160743
2024-07-04,5452252893
2024-07-05,5262490481
2024-07-06,5017936757
2024-07-07,5134142330
2024-07-08,4967528975
2024-07-09,5046171748
2024-07-10,5090353611
2024-07-11,5138310853
2024-07-12,5140556215
2024-07-13,5153729351
2024-07-14,5237578916
2024-07-15,5311789342
2024-07-16,5682785368
2024-07-17,6038537253
2024-07-18,5691503185
2024-07-19,5693694590
2024-07-20,5847441866
2024-07-21,5949210307
2024-07-22,5859570336
2024-07-23,5698713375
2024-07-24,5722267897
2024-07-25,5516678788
2024-07-26,5318051011
2024-07-27,5584476452
2024-07-28,5573720135
2024-07-29,5485429857
2024-07-30,5637059155
2024-07-31,5491431901
2024-08-01,5409489308
2024-08-02,5324440979
2024-08-03,5010569097
2024-08-04,4939069294
2024-08-05,4688117900
2024-08-06,4227153533
2024-08-07,4342849753
2024-08-08,4172692122
2024-08-09,4482663157
2024-08-10,4543127871
2024-08-11,4510926671
2024-08-12,4459124969
2024-08-13,4622832791
2024-08-14,4705194593
2024-08-15,4575669556
2024-08-16,4420209391
2024-08-17,4458893982
2024-08-18,4481864080
2024-08-19,4526221713
2024-08-20,4490685768
2024-08-21,4574266743
2024-08-22,4654351582
2024-08-23,4640646706
2024-08-24,4893885618
2024-08-25,4846037939
2024-08-26,4799749155
2024-08-27,4775220093
2024-08-28,4443253368
2024-08-29,4527402642
2024-08-30,4473829848
2024-08-31,4535637179
2024-09-01,4475136402
2024-09-02,4450771509
2024-09-03,4568940979
2024-09-04,4394544320
2024-09-05,4406541271
2024-09-06,4290634129
2024-09-07,4079420368
2024-09-08,4151244933
2024-09-09,4221644827
2024-09-10,4346466171
2024-09-11,4418865343
2024-09-12,4381702381
2024-09-13,4408026392
2024-09-14,4602544367
2024-09-15,4502244244
2024-09-16,4412145511
2024-09-17,4301393966
2024-09-18,4322942581
2024-09-19,4267731493
2024-09-20,4500096934
2024-09-21,4594271562
2024-09-22,4631150210
2024-09-23,4529714663
2024-09-24,4771329768
2024-09-25,4810552354
2024-09-26,4713728415
2024-09-27,4832408474
2024-09-28,4906314179
2024-09-29,4902985459
2024-09-30,4881969285
2024-10-01,4791020624
2024-10-02,4592242927
2024-10-03,4456990943
2024-10-04,4393431705
2024-10-05,4623019053
2024-10-06,4570097881
2024-10-07,4608266846
2024-10-08,4652489597
2024-10-09,4603860917
2024-10-10,4556487872
2024-10-11,4552727847
2024-10-12,4729778780
2024-10-13,4788991304
2024-10-14,4776370642
2024-10-15,5014220656
2024-10-16,4951230768
2024-10-17,5037812504
2024-10-18,5001257267
2024-10-19,5079493945
2024-10-20,5056098195
2024-10-21,5182670188
2024-10-22,4994597670
2024-10-23,4983415166
2024-10-24,4727630021
2024-10-25,4789189550
2024-10-26,4664901535
2024-10-27,4660827686
2024-10-28,4771483544
2024-10-29,4837526119
2024-10-30,4994987636
2024-10-31,4954515548
2024-11-01,4761678765
2024-11-02,4742440566
2024-11-03,4702475998
2024-11-04,4600066454
2024-11-05,4460926878
2024-11-06,4607715182
2024-11-07,5046235782
2024-11-08,5244898260
2024-11-09,5359168486
2024-11-10,5463808743
2024-11-11,5611796501
2024-11-12,5814178568
2024-11-13,5801886258
2024-11-14,5646291929
2024-11-15,5533974805
2024-11-16,5635397374
2024-11-17,5670127451
2024-11-18,5609667644
2024-11-19,5716664463
2024-11-20,5609663093
2024-11-21,5547664949
2024-11-22,5943157651
2024-11-23,5940080516
2024-11-24,5915326847
2024-11-25,5883570261
2024-11-26,5985660831
2024-11-27,5857274134
2024-11-28,6291237649
2024-11-29,6185558532
2024-11-30,6241718611
2024-12-01,6421276064
2024-12-02,6464071393
2024-12-03,6324791093
2024-12-04,6415881771
2024-12-05,6721859250
2024-12-06,6534993911
2024-12-07,6774828290
2024-12-08,6745982116
2024-12-09,6790380916
2024-12-10,6318111108
2024-12-11,6256931846
2024-12-12,6604269910
2024-12-13,6685815114
2024-12-14,6738505856
2024-12-15,6709053941
2024-12-16,6831607084
2024-12-17,6831653644
2024-12-18,6567864673
2024-12-19,6356449174
2024-12-20,6027343481
2024-12-21,5884782895
2024-12-22,5643867737
2024-12-23,5628248408
2024-12-24,5875723900
2024-12-25,6027405650
2024-12-26,6031865576
2024-12-27,5771130334
2024-12-28,5862914960
2024-12-29,5996405428
2024-12-30,5914810901
2024-12-31,5897923748
2025-01-01,5877844689
2025-01-02,5959316536
2025-01-03,6113013477
2025-01-04,6354453906
2025-01-05,6372929044
2025-01-06,6386839683
2025-01-07,6480842514
2025-01-08,6064340675
2025-01-09,6093468051
2025-01-10,5880592732
2025-01-11,6030978362
2025-01-12,6006358397
2025-01-13,5891574151
2025-01-14,5752077723
2025-01-15,5993549388
2025-01-16,6354998745
2025-01-17,6169418610
2025-01-18,6046306166
2025-01-19,6009911650
2025-01-20,5771817978
2025-01-21,5771323036
2025-01-22,5895949636
2025-01-23,5794333642
2025-01-24,5874269499
2025-01-25,5904430607
2025-01-26,5937076397
2025-01-27,5809031414
2025-01-28,5617844398
2025-01-29,5493922705
2025-01-30,5634397603
2025-01-31,5817769753
2025-02-01,5894625017
2025-02-02,5722117591
2025-02-03,5564975931
2025-02-04,5313328930
2025-02-05,5134812118
2025-02-06,5026504539
2025-02-07,4890451544
2025-02-08,4835201363
2025-02-09,4859111695
2025-02-10,4841885177
2025-02-11,4894870147
2025-02-12,4753282112
2025-02-13,4857681874
2025-02-14,4799268663
2025-02-15,4856668876
2025-02-16,4839688843
2025-02-17,4874184678
2025-02-18,4850261056
2025-02-19,4770876850
2025-02-20,4814506066
2025-02-21,4883596374
2025-02-22,4771941811
2025-02-23,4905978477
2025-02-24,4944759165
2025-02-25,4428954507
2025-02-26,4452646163
2025-02-27,4246809453
2025-02-28,4134524337
2025-03-01,4178241386
2025-03-02,4085883188
2025-03-03,4495973802
2025-03-04,4005142948
2025-03-05,4099602842
2025-03-06,4246068897
2025-03-07,4095608428
2025-03-08,4060889728
2025-03-09,4126712161
2025-03-10,3874643470
2025-03-11,3595914929
2025-03-12,3743841986
2025-03-13,3695913161
2025-03-14,3623175535
2025-03-15,3725156358
2025-03-16,4007852065
2025-03-17,3916254201
2025-03-18,3995157483
2025-03-19,3970347151
2025-03-20,4125356123
2025-03-21,3936001896
2025-03-22,4018239395
2025-03-23,3974659581
2025-03-24,4057675634
2025-03-25,4090076259
2025-03-26,4128301370
2025-03-27,4084584433
2025-03-28,4079434162
2025-03-29,3898889721
2025-03-30,3760969647
2025-03-31,3734694729
2025-04-01,3743377958
2025-04-02,3854432034
2025-04-03,3801750129
2025-04-04,3820986274
2025-04-05,3961227498
2025-04-06,3931940107
2025-04-07,3535161481
2025-04-08,3402038850
2025-04-09,3275069742
2025-04-10,3605634757
2025-04-11,3411326813
2025-04-12,3546008150
2025-04-13,3659185958
2025-04-14,3608431107
2025-04-15,3606526398
2025-04-16,3673622780
2025-04-17,3753238741
2025-04-18,3844804538
2025-04-19,3902127776
2025-04-20,3896154345
2025-04-21,3871209619
2025-04-22,3810507906
2025-04-23,3891304000
2025-04-24,3846187938
2025-04-25,4018739416
2025-04-26,3942504830
2025-04-27,3999203226
2025-04-28,3914363612
2025-04-29,3975767297
2025-04-30,3942809571
2025-05-01,4015789916
2025-05-02,4121843254
2025-05-03,4124067956
2025-05-04,4133699830
2025-05-05,4083376811
2025-05-06,4056151521
2025-05-07,4083984399
2025-05-08,4134760002
2025-05-09,4614235502
2025-05-10,4729660347
2025-05-11,5023802690
2025-05-12,4989142527
2025-05-13,4885367259
2025-05-14,5165992059
2025-05-15,5037107163
2025-05-16,4924117142
2025-05-17,4959250775
2025-05-18,4794125084
2025-05-19,4717734854
2025-05-20,4848659094
2025-05-21,4863006717
2025-05-22,5007728794
2025-05-23,5181880028
2025-05-24,4948682912
2025-05-25,4939873324
2025-05-26,5003339964
2025-05-27,4949912554
2025-05-28,5123700275
2025-05-29,5121704104
2025-05-30,5064879461
2025-05-31,4831358648
2025-06-01,4847380406
2025-06-02,4876271891
2025-06-03,4956993462
2025-06-04,4962183819
2025-06-05,4901877359
2025-06-06,4640672276
2025-06-07,4720242298
2025-06-08,4868423096
2025-06-09,4854321954
2025-06-10,5135805525
2025-06-11,5310820754
2025-06-12,5377296688
2025-06-13,4949020921
2025-06-14,4990256494
2025-06-15,4944593685
2025-06-16,4957656089
2025-06-17,5018447724
2025-06-18,4924546265
2025-06-19,4881524071
2025-06-20,4895935494
2025-06-21,4765859063
2025-06-22,4568947541
2025-06-23,4457211554
2025-06-24,4763254459
2025-06-25,4795799765
2025-06-26,4795872287
2025-06-27,4715576782
2025-06-28,4731759393
2025-06-29,4777667974
2025-06-30,4875771320
2025-07-01,4820581309
2025-07-02,4724234623
2025-07-03,4951293950
2025-07-04,4990964424
2025-07-05,4890474985
2025-07-06,4911480987
2025-07-07,4973625978
2025-07-08,4897494509
2025-07-09,4961456357
2025-07-10,5137650702
2025-07-11,5250903546
2025-07-12,5244616168
2025-07-13,5199884713
2025-07-14,5269051797
2025-07-15,5227072481
2025-07-16,5339037550
2025-07-17,5494151124
2025-07-18,5666302016
2025-07-19,5712891314
2025-07-20,5734356286
2025-07-21,5865951628
2025-07-22,5871128823
2025-07-23,5788489289
2025-07-24,5632389065
2025-07-25,5561198441
2025-07-26,5675134409
2025-07-27,5763079760
2025-07-28,5896370922
2025-07-29,5767238822
2025-07-30,5693406303
2025-07-31,5704623203
2025-08-01,5556824368
2025-08-02,5362623619
2025-08-03,5221143276
2025-08-04,5397475719
2025-08-05,5571152112
2025-08-06,5471440104
2025-08-07,5585504922
2025-08-08,6127659076
2025-08-09,5836861039
2025-08-10,6043997473
2025-08-11,6097321605
2025-08-12,5941993414
2025-08-13,6200696940
2025-08-14,6359003479
