ID,symbol,timestamp,sentimentScore,fearGreedIndex,socialVolume,newsVolume,redditMentions,twitterMentions,googleTrends
1,BTC-USD,2025-08-30T10:00:00.000Z,72.5,68,15420,89,2450,8970,85
2,ETH-USD,2025-08-30T10:00:00.000Z,65.8,68,8920,67,1820,5100,78
3,SOL-USD,2025-08-30T10:00:00.000Z,78.2,68,4250,45,980,2270,82
4,ADA-USD,2025-08-30T10:00:00.000Z,45.3,68,2150,28,650,1500,65
5,MATIC-USD,2025-08-30T10:00:00.000Z,58.7,68,1890,32,420,1470,71
6,LINK-USD,2025-08-30T10:00:00.000Z,69.1,68,1650,25,380,1270,74
7,DOT-USD,2025-08-30T10:00:00.000Z,42.8,68,1200,18,290,910,58
8,AVAX-USD,2025-08-30T10:00:00.000Z,75.4,68,1850,31,450,1400,79
9,UNI-USD,2025-08-30T10:00:00.000Z,52.6,68,980,15,220,760,62
10,ATOM-USD,2025-08-30T10:00:00.000Z,61.9,68,750,12,180,570,68
11,BTC-USD,2025-08-30T09:00:00.000Z,70.2,65,14850,92,2380,8720,83
12,ETH-USD,2025-08-30T09:00:00.000Z,63.4,65,8650,71,1750,4950,76
13,SOL-USD,2025-08-30T09:00:00.000Z,76.8,65,4120,48,950,2180,80
14,ADA-USD,2025-08-30T09:00:00.000Z,43.1,65,2080,30,620,1450,63
15,MATIC-USD,2025-08-30T09:00:00.000Z,56.3,65,1820,35,400,1420,69
16,BTC-USD,2025-08-30T08:00:00.000Z,68.9,62,14280,95,2310,8450,81
17,ETH-USD,2025-08-30T08:00:00.000Z,61.7,62,8380,74,1680,4800,74
18,SOL-USD,2025-08-30T08:00:00.000Z,74.5,62,3980,51,920,2090,78
19,ADA-USD,2025-08-30T08:00:00.000Z,41.8,62,2010,33,590,1380,61
20,MATIC-USD,2025-08-30T08:00:00.000Z,54.9,62,1750,38,380,1370,67
21,BTC-USD,2025-08-29T10:00:00.000Z,66.3,58,13920,88,2250,8180,79
22,ETH-USD,2025-08-29T10:00:00.000Z,59.8,58,8120,69,1620,4650,72
23,SOL-USD,2025-08-29T10:00:00.000Z,72.1,58,3850,47,890,2010,76
24,ADA-USD,2025-08-29T10:00:00.000Z,39.6,58,1940,31,560,1320,59
25,MATIC-USD,2025-08-29T10:00:00.000Z,52.7,58,1680,36,360,1320,65
